,title,views,date
5,Parmesan Cream Pasta,1879803,2024-09-12 11:14:32
4,How much pasta should you cook? ğŸ,1771841,2024-10-29 03:25:00
3,How to Make the Creamiest Fettuccini Alfredo!,1452202,2024-06-05 09:57:21
1,White sauce pasta #recipe  #whitesaucepasta #pastarecipe  #pasta #shorts #cooking,530794,2024-08-30 07:32:10
2,PASTA ALLA GENOVESE ğŸ‡®ğŸ‡¹ Incredible recipe from NapoliğŸ©µ #cooking #pasta #dinnerrecipe,470265,2024-10-29 14:07:30
6,Cheesy Red Sauce Pasta ASMR Cooking || #shorts #food #cooking #asmr #recipe #pasta #indianasmrworld,140291,2024-10-29 06:18:00
7,Chicken Rigatoni. #cooking #chicken #pasta #recipe #dinnerideas #fyp,84576,2024-10-03 15:18:08
8,The recipe for Kale Sauce Pasta is on NYT Cooking ğŸ’š,6838,2024-11-02 08:00:12
0,Pan con tomate and miso butter pasta: Get the recipes!,389,2024-11-02 09:30:09
